{
  "project_info": {
    "project_number": "1021294220243",
    "project_id": "flutter-firebase-learnin-77063",
    "storage_bucket": "flutter-firebase-learnin-77063.appspot.com"
  },
  "client": [
    {
      "client_info": {
        "mobilesdk_app_id": "1:1021294220243:android:7526b24de9e14c0da31526",
        "android_client_info": {
          "package_name": "com.example.fire_base_app"
        }
      },
      "oauth_client": [
        {
          "client_id": "1021294220243-p9hc3k7p4r5p28bhi4m15396rahpo709.apps.googleusercontent.com",
          "client_type": 3
        }
      ],
      "api_key": [
        {
          "current_key": "AIzaSyAc8BfVopyy_ZrNPbPIN8HWVdUqhITNkvU"
        }
      ],
      "services": {
        "appinvite_service": {
          "other_platform_oauth_client": [
            {
              "client_id": "1021294220243-p9hc3k7p4r5p28bhi4m15396rahpo709.apps.googleusercontent.com",
              "client_type": 3
            }
          ]
        }
      }
    },
    {
      "client_info": {
        "mobilesdk_app_id": "1:1021294220243:android:e951c135a9565ed8a31526",
        "android_client_info": {
          "package_name": "com.example.fire_base_learning"
        }
      },
      "oauth_client": [
        {
          "client_id": "1021294220243-p9hc3k7p4r5p28bhi4m15396rahpo709.apps.googleusercontent.com",
          "client_type": 3
        }
      ],
      "api_key": [
        {
          "current_key": "AIzaSyAc8BfVopyy_ZrNPbPIN8HWVdUqhITNkvU"
        }
      ],
      "services": {
        "appinvite_service": {
          "other_platform_oauth_client": [
            {
              "client_id": "1021294220243-p9hc3k7p4r5p28bhi4m15396rahpo709.apps.googleusercontent.com",
              "client_type": 3
            }
          ]
        }
      }
    }
  ],
  "configuration_version": "1"
}